Rank,Pokemon,Usage %,Raw,Raw %,Real,Real %
1,Eevee,61.93014,66661,55.665,66661,333.990
2,Pikachu,38.06986,53093,44.335,53093,266.010
